INVOICE_ID,INVOICE_NAME_PRODUCT_ID,INVOICE_NUMBER,INVOICE_STATUS,INVOICE_DATE_ENTERED_RAND,INVOICE_DATE_RAND,INVOICE_DATE_MODIFIED_RAND,INVOICE_NAME_NUMBER_RAND
89B0F156-5A39-0A20-76D1-57B89BC7A7BA,75,1,Paid,26,8,17,179
4F858B4A-9711-325C-F36E-524B3D669919,18,2,Cancelled,659,11,22,854
23B17775-4276-0971-03D3-804391EE1478,11,3,Unpaid,239,8,25,677
FB370FA7-4FFA-99F7-E192-C5E83A6C8E7F,56,4,Paid,428,9,3,515
9AB4A7E3-B0B3-1DF6-1D4C-48431453A039,33,5,Unpaid,205,12,28,869
57A887F2-1048-973B-F793-7B4580B76FC9,80,6,Unpaid,112,2,32,157
B8D5BB57-1D92-27B1-687E-0859A7919B70,34,7,Paid,590,2,3,428
6CC732DF-3AC3-1C6D-4308-A5DD187E50E8,19,8,Unpaid,95,2,22,816
E304D0F7-2BEC-D846-1124-05171005318F,49,9,Unpaid,55,8,6,909
A7B2091D-307E-BCD8-A645-B8A9812DA10E,5,10,Unpaid,368,6,33,383
092056F9-B068-12B7-9675-90D9FC6123C8,33,11,Unpaid,75,2,36,351
4FED0FFD-6EFF-D0A5-B3F8-7B5B733808C0,69,12,Unpaid,619,14,10,133
4A75C3D0-86CA-D358-2992-907613F084AA,54,13,Unpaid,582,3,38,302
56C91C44-9AD5-1AC2-D277-B489AFF35AE9,29,14,Unpaid,87,7,26,327
5075F7EB-16DE-8F40-7AF4-F033362E4978,78,15,Paid,303,10,18,222
0B2F9AF1-3497-B067-192B-AFD406A33C9B,65,16,Unpaid,520,6,33,524
EE663A57-30F8-AC07-2C00-78A09AFF524D,78,17,Paid,167,8,38,878
E2132B79-198B-B994-979D-198FEF03EF6D,32,18,Cancelled,652,11,27,131
F8B00369-B8EE-E729-8B90-076A9C940613,93,19,Unpaid,281,7,28,791
75FC536A-E0BC-DB81-7BBD-5782C40EDC53,2,20,Unpaid,339,6,9,617
0AF41729-6A2C-0D43-3409-3DB5D7E70319,72,21,Unpaid,354,1,5,457
78DDA3BC-9B71-9C59-B45F-8602B239062F,71,22,Cancelled,181,1,15,587
295F4371-E950-4C69-DADD-D8AD84D396B2,20,23,Paid,286,3,29,646
1CEC7B98-55D3-45CE-9CE2-C18F19DA81F4,88,24,Unpaid,628,14,9,441
6B79628D-DD4C-3FD5-1498-684DF0BD4399,35,25,Paid,351,6,28,649
225494C5-3323-7599-A3A3-32D61D0BDF3D,76,26,Unpaid,149,1,30,495
13457C1C-F140-CA5F-D124-B0FE8E7FF6E3,18,27,Unpaid,82,2,27,371
3E283126-A2C0-2032-A580-97D58CCC84AF,18,28,Paid,194,8,40,181
EC9C0939-B655-F37F-D1DB-C2C4E751E21B,88,29,Paid,153,3,5,597
3E08D7D6-3BC4-CCF1-7FE2-F728BC104D8C,73,30,Cancelled,663,4,39,988
C85CAE39-5603-CEC6-5165-B8037C6F06C4,17,31,Paid,173,12,5,585
C9B4F6B4-3E8C-8598-7A9C-78953C79D857,34,32,Paid,226,7,38,858
B2279345-D924-D12E-FF07-F1DDF8DF12B7,14,33,Paid,700,2,20,757
518994C4-48A4-B1AA-98F7-DC79EDE8D924,28,34,Unpaid,421,6,34,406
E84A2672-D56E-3786-9631-6499048FED1C,17,35,Unpaid,463,9,21,366
D33F3A90-F6D4-7DD4-C6C9-A6552B65ADC6,83,36,Unpaid,242,14,26,400
3FA193BE-08D4-B1A4-CF76-4C8F781550D5,37,37,Cancelled,14,9,31,69
76CB8D56-B11F-01A4-2D56-A0C599A88F64,76,38,Unpaid,93,8,22,265
C437D4AA-47FD-2F98-3651-1006FA5461DC,46,39,Cancelled,215,11,4,718
A558CFDA-9B92-D43A-CE18-4CAB823A76BD,67,40,Paid,28,3,41,342
3D48F656-1C85-E5E8-6594-2044816F0764,44,41,Unpaid,664,5,3,140
C3A22C95-2DD6-49EC-4CAB-B7EA7DEA8DE9,83,42,Unpaid,686,9,27,326
9BCB983D-1C36-B85E-9CA4-0AF27D0DCD19,94,43,Unpaid,421,5,24,154
354FCB83-A6D9-F96E-1634-FE7C44CF98FA,12,44,Unpaid,38,8,32,846
5910EE75-D63C-B1E0-7FCA-CA9674FE5127,58,45,Unpaid,432,10,12,741
9D102574-D986-6EB7-B6C5-F7F13A6B4FF5,65,46,Paid,562,12,20,863
88F635DD-23FE-D12E-5DD1-6B4435C32FA5,32,47,Cancelled,241,5,10,223
F5F97E03-FABF-D52C-446D-FDA955FE7EC4,34,48,Unpaid,260,14,37,371
A2EE1634-5050-887C-6D1B-107F2609F624,14,49,Cancelled,150,12,17,984
4EA6A19E-4958-024F-A646-D226DF9DBF27,67,50,Unpaid,152,8,1,530
9C68EF6D-2094-C0E1-78B0-212EF01918CF,85,51,Unpaid,422,12,32,392
C7D94C8A-2D88-B470-D6F4-C6B06B240D16,39,52,Unpaid,570,2,27,710
8B4B4811-E172-F71B-3C1F-AA4C4ADEA9F3,36,53,Paid,546,14,16,621
710734D7-C157-0F4F-AFE5-0E9FBDA30B09,28,54,Paid,352,13,20,598
09242520-AB27-DF91-5223-518E3597EC23,95,55,Paid,416,6,14,605
AD29E27F-852C-087F-0A7E-FBF7A4403EE7,37,56,Paid,670,9,3,266
ADB018F1-0BEF-28AD-1CB3-887917BFAE75,1,57,Unpaid,664,1,40,607
B375759B-A1CF-F873-DEF9-2BC0B4910F79,42,58,Unpaid,563,2,2,536
5CF2E3DD-AE01-5E0C-7391-8353E476E727,6,59,Cancelled,375,11,32,491
964F9C6D-136D-BB03-A715-99E84728379B,92,60,Paid,358,6,30,10
7D0D23B3-BD6C-1C69-778D-BBC04E97C3A0,39,61,Unpaid,623,4,10,675
689EE44A-8558-C73C-9B58-F63C66E5EF33,19,62,Unpaid,709,12,11,683
8BEE054F-DDE5-47CB-5579-0538D3756C4B,37,63,Unpaid,335,7,8,321
9A70E508-4012-4064-6819-59319CCAD330,42,64,Paid,407,7,18,712
D0C947B0-92CA-15CE-9858-2DBEC276964C,88,65,Unpaid,651,8,25,85
DA324B10-654B-F2B0-5AB5-6BCE12EC9C48,33,66,Paid,382,8,32,93
5D801D0D-171D-C318-0009-003B4B8B4559,11,67,Paid,703,10,26,358
33DF1AAC-7E37-D238-094B-47D4B61A0D48,52,68,Unpaid,668,8,2,346
292E3073-DC0A-0151-DA3D-69A6A7CF157B,24,69,Unpaid,336,7,39,582
466A80D8-BD0C-BFF2-7DD2-54089BC60DC2,17,70,Paid,341,6,2,450
BF6EF1D2-5E52-E616-1012-2AE1B82DAB21,43,71,Unpaid,383,6,3,532
FB5157AA-CA81-0337-E21B-E385132C155B,79,72,Unpaid,635,11,28,508
8B8F6D39-8512-917A-211C-9B06D0CFE387,81,73,Unpaid,259,6,24,287
3DB9320D-2321-BBFD-BD7F-82977C009C86,32,74,Unpaid,145,7,33,473
B946DB3A-48DB-9E86-7076-10B81FCBC55E,66,75,Unpaid,478,5,27,978
4C583F61-BD60-AEF4-1164-63A218E9CD8C,90,76,Paid,557,1,25,720
9A0790B7-1A29-4543-68EE-71FAD19B9E55,64,77,Unpaid,544,12,11,509
479D768D-68A9-7FB6-53E9-2F1C78C924B9,65,78,Paid,699,2,6,919
FEE86850-0D0E-B85B-37FE-BF6CFA446660,63,79,Paid,322,11,22,807
873A0264-DAE1-5BA2-9886-37D092811B2A,43,80,Unpaid,573,7,36,423
2B83774A-DBF6-ECC6-0339-FACEA70456C0,42,81,Unpaid,525,9,27,651
6E68AF5C-155F-3EE7-2049-3480E3353AB7,82,82,Unpaid,643,14,37,645
EC394E58-58DB-537C-00E8-2A3A92345803,24,83,Unpaid,87,6,41,253
1EB54821-1AFC-31E2-9575-D27AC70080C8,11,84,Paid,315,12,2,988
A84CA66C-3A8F-F60C-4A04-5445C48389B3,94,85,Cancelled,172,11,39,166
AE55550B-C67C-2CCA-1707-52CBF7566A7D,61,86,Unpaid,370,13,3,542
CA6EBA25-C23D-DC23-56BB-DDD235A4A28A,70,87,Paid,575,1,23,325
225803DD-54C0-A578-053A-EECFEC95EB91,29,88,Unpaid,122,13,24,681
FBB126F1-407F-D110-FB7D-51C6B9F515FB,20,89,Paid,197,7,27,827
D5FC7555-16BD-6994-1E45-E11098630451,37,90,Cancelled,131,11,27,489
00C01316-68F2-030F-DF05-BA217EFC15E3,10,91,Cancelled,514,8,14,258
812DACDB-3978-5188-6C41-52895F7F4C2E,5,92,Unpaid,725,13,37,359
40B0AE49-491C-D56F-ECF0-D39B9070AFD4,15,93,Unpaid,244,2,7,259
6D9F1F96-C312-A5A9-0531-9E1B0A9005F2,49,94,Unpaid,354,6,4,107
B02B686E-135C-DD6E-C46B-21804646DD8B,63,95,Paid,77,13,17,650
9D3FE180-E05C-2421-E0DC-92415758BED4,66,96,Unpaid,241,7,6,870
02521B3D-05C5-1D6B-3CF6-FED4794A3747,87,97,Unpaid,364,3,40,889
09FC9FFD-CCBB-EA9C-18D0-880431A041E4,33,98,Paid,421,10,36,4
2D951BB9-1D42-2EDA-34B1-A15750F9ECE8,81,99,Paid,5,4,17,367
D98753E6-5FEB-A403-3F75-0CF9C1E378E3,22,100,Unpaid,46,1,4,962
94BEC1B3-5DB6-B822-E8BB-066AB8727D77,55,101,Unpaid,290,1,8,797
67374C97-F313-1EF4-8FCB-E28A3157156C,39,102,Unpaid,441,10,20,149
4236A51C-EB22-BBC6-F853-38C8B1F493E1,58,103,Unpaid,604,9,26,691
AD9E5929-1307-A27E-6DDA-13AA44E6AFE7,83,104,Paid,609,11,14,465
B86E8AAB-9CE1-659F-C9FC-1563904C5F32,81,105,Paid,632,2,1,566
96D22D44-0162-90E1-1180-A037C989F2E5,10,106,Paid,474,8,23,696
95B36998-B173-9212-9DFF-8EAE537AEF13,4,107,Unpaid,307,2,32,418
DB72B07C-EEE6-2148-ABB1-FD476F70C0A5,69,108,Unpaid,71,13,28,289
72C7692F-CAB4-AD85-D943-9F64501D5A31,32,109,Unpaid,159,10,37,847
43BA6EB0-D717-D1AE-F74B-B98D8E75570B,19,110,Unpaid,104,3,12,688
A5795584-C772-7696-7810-0612C356703F,30,111,Unpaid,58,8,39,688
0B254DBF-D326-9A63-9282-648E898534A7,18,112,Paid,345,2,16,413
8607DADA-0AD8-3653-79BE-804D3704FFEE,81,113,Unpaid,552,13,38,524
D689B624-40EB-5085-2B70-CE60D2D02B4E,36,114,Unpaid,451,9,7,763
D3B1093F-D19B-E44A-EA5F-08D484D7C938,82,115,Unpaid,411,5,29,770
F48F901F-A2D2-DA6E-C22D-50E198E05273,37,116,Paid,669,5,3,848
289DA64F-A66F-B089-CD58-6499C544FA80,19,117,Paid,411,7,17,906
2F86AAC7-319D-AC93-ED55-68116D5D1514,34,118,Paid,453,2,23,447
51C66599-863D-E537-9FEC-E6BEB80FB8F0,78,119,Unpaid,432,13,18,765
8665B5A0-A896-E829-1252-CE75AB46C06F,1,120,Unpaid,101,6,4,550
3F7016DF-0C6A-99A0-DA66-3986C06AB11E,87,121,Paid,6,8,15,958
02562005-2B00-6E2A-6317-CD3A3A487301,87,122,Paid,339,4,39,959
2A5E0290-18FF-0E65-DFBE-3F3A2D7CF67E,8,123,Paid,207,3,23,373
E763EC43-1888-1B59-4069-C050F6674446,33,124,Paid,162,14,6,531
460920B8-8114-1775-CFCB-6209AAD619D3,31,125,Cancelled,221,14,9,893
CAAFC5AB-EB31-AA3C-51E8-261ACE9C7D87,35,126,Paid,112,13,6,806
D3C5E339-31CE-F764-701F-4FA19989AA64,33,127,Unpaid,719,3,19,242
B3A3C766-3405-E7D4-2A57-F7DA97C85933,86,128,Unpaid,644,8,7,61
4E332245-367E-9448-2C1E-FA8EDA41C1D6,53,129,Paid,126,14,24,433
38959336-AB18-4DAF-600E-2B831E841600,12,130,Paid,112,1,29,226
CD5306CD-6EF7-EFF6-5344-59110CFCB91A,80,131,Unpaid,281,9,27,130
9717274A-D1BA-357B-C90C-2C7DE0B04DAB,98,132,Paid,169,1,10,950
3F70DCAE-6609-FF54-6B2D-93C079CFFBC9,29,133,Unpaid,504,9,40,848
6377CBE5-11EC-EE42-4F02-2867FC657100,79,134,Cancelled,152,5,37,124
6BAF11BE-BFB7-B4E1-3CCA-1020EBCAACFE,39,135,Unpaid,467,5,23,248
22F3F46C-6D70-DFDA-C67C-F61F41130894,29,136,Unpaid,427,13,16,508
F2D56A46-12E7-C66D-3C3A-7D1C078D1745,95,137,Paid,568,12,34,395
4747A0CA-DEDC-A5E0-F477-CF5C6742521F,38,138,Paid,434,14,8,103
47C4A7DD-DC08-6B56-D09C-D840FF83F210,43,139,Paid,578,12,21,882
9A3E4AD4-2BAF-D80A-1E2D-E6CEE5A4EC53,21,140,Paid,544,5,11,931
02EC5C7B-2D90-6655-084A-42BDAC74CC7C,27,141,Paid,487,12,15,99
54A7533C-836B-A526-AD7D-E5E7AA423712,7,142,Unpaid,408,14,2,588
F4105683-DAA6-5D86-20A6-78F304C26E27,89,143,Unpaid,246,3,21,687
29E1FF02-CABE-98A5-672D-8654DA804EFE,71,144,Cancelled,472,10,19,300
A643C97B-A212-998D-2DB8-2988DB258338,65,145,Unpaid,339,14,5,331
00305A75-05B1-E601-553B-49FD17362162,52,146,Unpaid,52,11,18,381
EE4919C1-5C20-6F0C-B7FD-4CB644916A25,56,147,Paid,272,1,33,968
58A8C987-FDED-42CA-4435-96E85FC1A0F0,42,148,Unpaid,129,5,1,889
1CF19AAC-568A-AEE0-3F11-701210AB700B,78,149,Unpaid,332,1,4,373
60E80C96-FFC8-BD95-98BC-32DC9FE03B97,37,150,Unpaid,647,8,6,843
E5823414-3AB7-ADE7-DFA0-6ACDBA792469,28,151,Paid,57,9,40,646
D9413E58-AB9F-62C0-4036-253335AE3698,82,152,Paid,697,5,1,870
64E917FE-21CD-A9A9-D2D9-2AA96127B58A,35,153,Paid,224,9,38,658
BC7DF149-8FC2-F543-7837-E8E0393D8E67,80,154,Paid,509,11,36,540
4A4A3912-052C-B24A-DE82-ECB7FDCC5AEB,87,155,Unpaid,476,3,1,525
052505B7-CB78-312B-7181-B484C67FC574,59,156,Unpaid,195,7,23,20
87D5D151-BF75-757E-CD17-896A8E4B556E,15,157,Unpaid,124,2,27,30
744B830E-01E7-78E7-3654-77169E7CDA42,6,158,Unpaid,35,7,41,533
2C7329EB-FF2F-BA74-915D-1578E3493B47,50,159,Paid,101,10,10,736
FB95D2C2-7E9C-69DD-46B4-66A8493EA109,2,160,Unpaid,40,3,5,210
39E1402C-C9A6-DBC4-4F96-3F01B5BFA123,95,161,Unpaid,629,12,33,751
AC3F326E-8A03-DEC3-F078-8F5BD666967B,3,162,Cancelled,658,12,15,502
470B878D-E894-8F20-2702-CEE671141864,79,163,Unpaid,243,4,35,995
2C164FC1-F5A8-8D37-1211-F16ADDC2FC50,57,164,Unpaid,26,3,20,897
61783B3C-BD7D-D3BA-E393-23AEFEA75AF1,61,165,Unpaid,572,12,2,407
AACE39BD-169D-AAD7-5FB7-BAEDD05DCEC7,85,166,Unpaid,277,5,40,782
AFCA8FDD-4493-68CE-4CA7-17C1957915BF,4,167,Paid,726,14,37,835
E9D5CE58-7108-4D33-FDDE-ABAFB0A895F5,55,168,Unpaid,514,1,30,573
47DDFF8C-CC1B-E6E3-17E0-18D85E4E6158,52,169,Paid,257,9,10,858
5EDDEB16-7A30-9143-B3C9-D34FF10C59F1,58,170,Unpaid,690,12,1,487
03020D5E-FA19-B74E-F347-E24EF170C405,61,171,Paid,210,12,2,247
1937AEA3-D5BF-7407-B01D-1B4ADE896573,23,172,Paid,614,2,5,805
5B332E22-9E46-07D1-D408-C2AB475CF2D4,59,173,Cancelled,451,10,36,801
99A7D007-3DFA-AF1D-41D8-F38230891D43,32,174,Cancelled,584,2,11,286
7503511D-EBE4-BC95-D776-A851883B916F,82,175,Paid,556,6,9,948
F7021BAD-1885-5311-A3F9-EB1DD573766E,27,176,Paid,397,7,33,146
B75F05C2-7645-E07C-9D6B-E7CFD27F9711,69,177,Unpaid,644,13,9,528
FA3AC514-1A1A-01E5-6CE5-DB68D1DB2E0F,53,178,Unpaid,106,4,16,41
47D3F5DB-C68F-F8A5-4616-FB933A630403,4,179,Unpaid,24,8,5,300
268A9F60-9CC7-A55C-D1D4-D424488717DA,1,180,Paid,223,6,16,649
46C7E238-C1F1-30E1-F6F5-697D85A7C0E5,16,181,Unpaid,621,4,13,830
F74D087D-75BC-AE95-700D-12759FE3254D,29,182,Unpaid,653,7,20,434
FFFB35DD-6F03-CB58-526C-1411B275407F,23,183,Unpaid,388,7,28,89
987651B5-C014-0927-025D-B4959272F7F5,11,184,Unpaid,167,4,25,61
CC8B3B5D-274B-2FF7-8DDB-D31978E63407,65,185,Cancelled,129,4,38,616
7F8196A4-F542-66B5-8077-0C8BE866D881,21,186,Cancelled,459,6,27,643
93DAD2BA-A000-6D17-B00F-628118C1D989,78,187,Unpaid,264,6,33,38
CF552C7D-96AD-2F25-69F4-9ACC791DA863,90,188,Unpaid,175,2,19,723
14C8A4C0-0F44-7A79-BEDA-45449B470F30,18,189,Paid,324,8,24,367
B27EE97B-7EB8-B709-B50F-9FF6E3EDBA91,66,190,Unpaid,283,6,8,750
ED9BE4FB-1F28-A5F4-A280-791DC94A8F9D,77,191,Unpaid,605,11,32,696
C24C4935-1FD7-F779-96D5-FA7DFB5634CF,12,192,Unpaid,380,13,19,667
E454988B-89CD-A74C-0E7A-33918F311593,19,193,Paid,145,4,36,378
BBF8DCA1-7843-13F4-7E6B-D1ECD21D1A99,89,194,Paid,473,12,21,691
ACFAB391-7DA2-7B19-071B-3C7CDD1A59B8,11,195,Unpaid,334,6,11,711
53DC37A5-7D0C-F2C7-3CE1-B1693967E41C,87,196,Unpaid,184,11,39,791
0927CCB0-90E0-4747-DEF6-1638FC43CBB4,61,197,Paid,317,4,32,678
8A1F3CAB-35ED-BCB5-F9B9-86A54DD7EA0A,79,198,Paid,141,14,29,968
64800473-0CDC-77FB-90D9-49EDA8B9AFC6,13,199,Unpaid,405,8,3,774
2EFCB5DB-3ACB-357A-EF1B-84B45C9C42EA,3,200,Paid,575,9,23,828
06BEED40-868D-7CD8-75D6-1E93B2D57DF2,96,201,Unpaid,152,7,15,831
86B7ED2A-FB17-F40D-F6F0-572F94A1B361,20,202,Paid,331,14,19,629
8FD8C9A0-EF53-2424-BAB0-B9A26D4F413C,41,203,Unpaid,27,12,4,131
33139512-AC71-CCFA-4410-828257600370,88,204,Paid,317,12,38,597
9D0C28FE-2484-EC86-F9EB-BA181BC83EED,86,205,Paid,183,2,39,560
559F4457-D4D5-56EE-EE6F-4A4520ED20E8,30,206,Unpaid,591,4,4,668
35B0A6C7-9ABF-6593-E2A1-4A9042137A45,67,207,Unpaid,232,2,37,849
911C79C9-00E9-30C5-EA53-0EAA91393E00,84,208,Paid,221,12,11,706
2DA5680A-A158-776C-FC0D-60C588A6BCAE,22,209,Paid,322,5,37,298
FD4238AB-FEBB-3A7E-0E4F-F2783097ABE7,73,210,Unpaid,120,3,9,595
6839E15E-1E84-52AE-393D-616E12B89C3A,82,211,Cancelled,83,10,16,859
D3F27C82-AEA6-5B37-4AC9-F2ECF77A5EDF,93,212,Cancelled,229,12,24,725
D3F2B157-2B5A-A081-EC18-732474A8C8D9,56,213,Unpaid,260,7,28,372
A27E53B5-BB3B-07CC-C0B0-CA513A4643BC,88,214,Unpaid,313,12,7,3
460C1705-D3E1-0BB3-0921-60EA08888ECC,27,215,Unpaid,656,10,20,254
6CDCEF13-7D0C-2C90-F179-268B40E96640,58,216,Paid,324,10,33,294
32660B99-8ED4-F538-3C4A-FFCEF9A264AA,92,217,Unpaid,52,4,14,937
12EE6606-ED27-3A60-EC88-5A65D9BFB887,8,218,Paid,446,11,29,500
44D6F96B-F784-3D76-BEE1-2041E1132BE7,67,219,Cancelled,229,11,26,697
E86A3900-1E98-0DD9-6676-55B0157526FC,50,220,Unpaid,490,9,34,302
20ECA857-3373-E6EB-C9F5-497877E0CAF6,3,221,Cancelled,523,6,26,370
77867E00-533B-37D0-23F9-CE37DDF2F99B,62,222,Paid,227,13,36,693
36B5065E-C57A-0217-0DA2-9740F175E819,90,223,Cancelled,146,7,17,414
B3D669D2-06E8-0272-C9B5-0A59E8C4C34B,51,224,Unpaid,514,1,17,88
A27FE6AB-B8D3-A2CA-0C88-F6657A64AA42,44,225,Unpaid,32,13,23,973
514216B8-B0DC-A8E8-113D-542BF5208545,85,226,Paid,690,1,13,976
27B908AF-6146-929F-55A9-9E313B3E7C8E,53,227,Cancelled,396,3,11,655
6CD2675F-FDBF-68FA-2578-4A8BE841425D,78,228,Paid,57,1,24,80
052CAB70-E440-8820-9F32-1D4EBA6C5066,53,229,Unpaid,605,13,12,160
430AE986-F9B5-6719-7272-896B8E7D4F07,31,230,Paid,337,10,9,633
CDE971C4-7D45-BCAF-48C2-AA2E42E2517B,71,231,Unpaid,176,4,20,573
AF25B380-5817-0872-F109-17BED5523F16,95,232,Paid,174,1,41,862
0AF9322A-92EC-CF0E-E868-3A7EF6C9831B,36,233,Unpaid,251,11,6,946
A7283080-9DA0-D72E-8BD8-3934AF1EA6F3,70,234,Unpaid,496,1,11,742
ADCC882F-ED91-53E2-7F83-CC966FAAC3E9,34,235,Cancelled,36,2,36,424
E69130BA-2D88-73F0-1E22-125607222E93,23,236,Paid,258,11,31,999
C6CC9683-40E5-4489-B536-1DC0AC7A7DBF,77,237,Unpaid,553,11,9,330
F54DBB1A-5F60-4296-DD97-6E6469180AFF,88,238,Unpaid,713,2,10,892
526DB30E-862E-F145-F47D-1FE2BE7999CF,22,239,Unpaid,344,2,3,663
0EF7E1E2-DFF7-2B6B-C525-2E9F730861FE,32,240,Paid,334,10,3,872
FD0BF5DA-B069-F1A4-7B04-8FE3F478CA7D,57,241,Unpaid,550,6,13,726
C664832C-601D-61D8-5862-016704A90B03,91,242,Unpaid,456,12,34,783
B59F2CB9-A063-1329-9291-A0CD578C72AB,16,243,Unpaid,587,14,9,713
A10E5D9C-0BD9-C88A-E79F-7D9176B393A1,97,244,Unpaid,22,7,25,987
8D0F7987-981A-69C8-8FCB-7FBE5CAAB5E7,80,245,Unpaid,286,4,8,28
25B0C629-7B49-2E96-0E76-69B7DFB62485,34,246,Paid,305,1,14,932
1DD690B5-9732-870A-D45C-134702DB5CCD,73,247,Unpaid,372,14,25,616
E528BBB0-DA27-13E5-16FC-711532E0AED5,91,248,Paid,549,7,28,439
173F6E63-1A30-3DAE-48F8-D7D059E9BE2D,96,249,Cancelled,200,3,15,500
F98CE1A1-03FE-1E53-5198-910A43015AA6,47,250,Paid,577,2,26,69
126F404D-D3AC-4DD9-6958-6E398869646F,99,251,Cancelled,699,2,41,607
98F00708-D598-4B50-B207-E2A58F2F7C80,52,252,Paid,508,10,26,234
87736A61-6E4C-B6CC-3269-CF259FF7B772,5,253,Unpaid,62,1,39,936
409C2785-C411-D9C3-6FDC-442B0C578DC5,18,254,Unpaid,31,10,7,321
5F5515D8-9207-C251-AD3A-CBB4B73C1791,19,255,Unpaid,491,8,20,30
1FDEDA70-304C-EA83-47CF-424D26C1A6FA,38,256,Unpaid,148,12,19,326
7FC4008E-F48C-B073-5B27-19793154B9ED,72,257,Paid,97,11,38,41
AE18668D-EE65-5ED5-3E4E-EE636467E9B7,46,258,Unpaid,625,7,15,791
9D853F0B-EEF0-ABAA-6037-D8AC048714A4,17,259,Unpaid,75,4,28,645
E9F7A20E-0D78-4C09-D3AC-4A3480873476,64,260,Paid,211,6,34,644
19CA5B92-FAD8-2AED-DB11-624EE0A86761,82,261,Paid,704,4,38,867
93344D4C-CF06-FAD0-BDC1-A1241AA8957F,21,262,Paid,60,14,15,122
F3201EE7-FA53-DED0-9FAE-2F713787BA42,13,263,Unpaid,489,12,33,283
129F5E7E-8F2D-68A4-6185-DD6E18AC8C29,46,264,Unpaid,536,6,20,563
582B4A10-50C0-C3DA-E31E-97126D06F7AF,8,265,Unpaid,112,6,12,811
7E6088E8-8923-4C18-4ED1-1E72E048420A,96,266,Unpaid,241,2,6,676
3650AF75-5BD8-306F-ACF3-833BEBFE0321,74,267,Unpaid,145,8,16,241
7C3B05E6-B1D9-EE3D-F91F-A07C7402F40B,62,268,Unpaid,474,3,11,534
E4E0D69D-E4A2-BB4A-B9E3-6DADF90A54D0,87,269,Unpaid,146,8,20,701
BAE92D1E-98DD-00FE-C1DD-41DE833178DF,96,270,Unpaid,567,8,39,414
FD98BF6A-AD79-4DAC-0F48-0BB553C85AC0,70,271,Paid,457,2,23,811
04218AF2-3AB6-0149-5E9F-5BACFAFAB880,79,272,Unpaid,58,7,5,641
7BE31AAC-7506-0324-BF2A-5634C86A077E,84,273,Unpaid,558,12,31,624
DF01D476-5280-E58B-BA34-902FFCE96656,43,274,Cancelled,43,5,18,784
30892734-92DD-B6D0-72AA-ED6824365288,13,275,Unpaid,119,1,9,190
E3F0884C-2E7B-CDFF-1977-49A3C5E8C4F8,92,276,Paid,142,9,15,578
C9254B47-A179-B237-44AA-7BB322474095,37,277,Unpaid,146,1,10,227
717B168D-BE8D-6B0F-4E5A-734CBA6B66B5,23,278,Paid,585,10,38,894
25C7D0F4-4148-5F62-D2EB-36D3BADAFF69,78,279,Unpaid,30,4,27,808
5E382DF7-DE9E-D933-D912-FE450F0A98AF,40,280,Paid,515,6,2,962
7F23E870-7FE4-05CD-0E50-7E139F4ECB90,16,281,Unpaid,495,6,35,281
9C2D6AC5-7F1B-F3F8-674E-47A783991C96,90,282,Unpaid,176,5,19,555
E1256D8E-246F-EB85-0048-111D0424710A,68,283,Paid,644,7,26,935
42EB1C18-FA4B-C88A-79A6-6BF8E790C67A,41,284,Paid,9,3,37,589
94A01786-56C3-A776-EDF2-5ABD3268854B,3,285,Cancelled,630,11,41,793
E18CC555-BF06-9F87-B870-D3EF767812BA,27,286,Unpaid,677,4,5,850
43FD346C-559B-1D20-7C38-841B4906BFEE,25,287,Cancelled,12,13,33,317
DA32808E-4CDF-5C23-6D0E-381830308A3F,24,288,Unpaid,654,12,22,193
1DBF0EEE-084E-D255-A006-6BC40F96C9B5,40,289,Paid,292,12,10,931
0F27B780-B94A-FC4C-DAE1-07A9B657A285,74,290,Paid,181,8,32,650
494718A1-AC95-CC84-E53E-7FDEBCD1FF2E,94,291,Paid,249,14,3,577
66091E7C-DAC5-9511-CA3D-5947BD5A9DB1,60,292,Unpaid,95,9,22,511
5022C39E-A8E2-E500-5675-ABD2FF8609D8,82,293,Unpaid,674,3,7,843
D0625E78-7A62-CB48-75CA-4E41F47DF522,91,294,Unpaid,15,9,32,214
A0D88DAB-4351-C0C6-A662-FEBB670E6F87,25,295,Cancelled,664,12,34,349
56A24D64-92D1-21A9-6D61-150ACA8A1795,13,296,Paid,509,10,38,786
853389EC-53BD-DF10-5054-1B6849FEB149,74,297,Paid,650,14,24,96
762E4E6F-4AC3-1527-C4C0-29924A535BF5,36,298,Unpaid,497,11,1,807
5AAE1FF5-40C0-C5C8-A396-0A9A4D56A860,52,299,Paid,260,11,2,678
09D98651-2ACA-E4E6-657A-27BEB3DB6240,17,300,Paid,53,9,26,577